Date,demand
2016-01-01,520236.5
2016-01-02,584316.1666666666
2016-01-03,587715.3333333333
2016-01-04,670351.0833333333
2016-01-05,666221.25
2016-01-06,590781.9166666666
2016-01-07,717576.8333333333
2016-01-08,720886.1666666666
2016-01-09,652855.9166666666
2016-01-10,621638.3333333333
2016-01-11,723863.25
2016-01-12,745611.5
2016-01-13,759918.75
2016-01-14,765789.5833333333
2016-01-15,760308.3333333333
2016-01-16,692862.6666666666
2016-01-17,657814.6666666666
2016-01-18,773919.6666666666
2016-01-19,779999.6666666666
2016-01-20,776877.8333333333
2016-01-21,773015.3333333333
2016-01-22,758530.4166666666
2016-01-23,666666.0833333333
2016-01-24,615216.0
2016-01-25,726600.0
2016-01-26,745036.0
2016-01-27,746139.75
2016-01-28,745394.9166666666
2016-01-29,738808.0833333333
2016-01-30,665397.25
2016-01-31,618760.5
2016-02-01,718717.3333333333
2016-02-02,733634.25
2016-02-03,737245.3333333333
2016-02-04,739405.5833333333
2016-02-05,739680.3333333333
2016-02-06,671608.1666666666
2016-02-07,619610.8333333333
2016-02-08,728356.6666666666
2016-02-09,743054.0833333333
2016-02-10,741794.0833333333
2016-02-11,741176.4166666666
2016-02-12,739812.0833333333
2016-02-13,665632.5833333333
2016-02-14,625622.25
2016-02-15,754710.9166666666
2016-02-16,770764.75
2016-02-17,781114.75
2016-02-18,785494.25
2016-02-19,771227.5833333333
2016-02-20,683444.5833333333
2016-02-21,633063.5
2016-02-22,733334.8333333333
2016-02-23,737558.8333333333
2016-02-24,745320.3333333333
2016-02-25,739251.3333333333
2016-02-26,752350.5833333333
2016-02-27,695835.5
2016-02-28,638490.0833333333
2016-02-29,732454.9166666666
2016-03-01,748115.0833333333
2016-03-02,746706.5833333333
2016-03-03,738323.9166666666
2016-03-04,742105.8333333333
2016-03-05,666534.9166666666
2016-03-06,622058.6666666666
2016-03-07,760210.1666666666
2016-03-08,764006.25
2016-03-09,775388.3333333333
2016-03-10,767417.3333333333
2016-03-11,751297.0833333333
2016-03-12,668232.25
2016-03-13,616635.75
2016-03-14,742756.3333333333
2016-03-15,755752.25
2016-03-16,746249.9166666666
2016-03-17,747274.4166666666
2016-03-18,738810.8333333333
2016-03-19,655655.3333333333
2016-03-20,607544.5
2016-03-21,714973.4166666666
2016-03-22,716205.0
2016-03-23,701315.0833333333
2016-03-24,610918.9166666666
2016-03-25,566937.6666666666
2016-03-26,587153.8333333333
2016-03-27,557862.6665852864
2016-03-28,619664.25
2016-03-29,682847.1666666666
2016-03-30,685905.1666666666
2016-03-31,698906.3333333333
2016-04-01,700618.0
2016-04-02,632918.3333333333
2016-04-03,594278.0833333333
2016-04-04,710226.1666666666
2016-04-05,722713.3333333333
2016-04-06,707051.6666666666
2016-04-07,699981.9166666666
2016-04-08,704383.25
2016-04-09,626969.25
2016-04-10,583713.1666666666
2016-04-11,698096.4166666666
2016-04-12,714451.3333333333
2016-04-13,703039.8333333333
2016-04-14,699685.25
2016-04-15,691244.75
2016-04-16,622258.0833333333
2016-04-17,573845.5833333333
2016-04-18,677357.9166666666
2016-04-19,699734.6666666666
2016-04-20,702531.9166666666
2016-04-21,691875.5833333333
2016-04-22,682555.3333333333
2016-04-23,601911.5833333333
2016-04-24,554796.6666666666
2016-04-25,657937.5833333333
2016-04-26,672339.5
2016-04-27,678928.3333333333
2016-04-28,678140.5
2016-04-29,672990.1666666666
2016-04-30,600860.25
2016-05-01,530393.6666666666
2016-05-02,606401.25
2016-05-03,661810.5833333333
2016-05-04,668984.9166666666
2016-05-05,670279.9166666666
2016-05-06,670648.4166666666
2016-05-07,600598.0833333333
2016-05-08,556514.0833333333
2016-05-09,666008.6666666666
2016-05-10,680767.75
2016-05-11,678414.1666666666
2016-05-12,677213.3333333333
2016-05-13,670251.6666666666
2016-05-14,596419.0833333333
2016-05-15,539410.6666666666
2016-05-16,610379.5833333333
2016-05-17,650400.0833333333
2016-05-18,668207.4166666666
2016-05-19,665917.3333333333
2016-05-20,667123.5833333333
2016-05-21,601351.75
2016-05-22,553557.4166666666
2016-05-23,649736.75
2016-05-24,664704.8333333333
2016-05-25,674656.9166666666
2016-05-26,672283.4166666666
2016-05-27,671408.75
2016-05-28,602839.75
2016-05-29,546628.5
2016-05-30,649486.75
2016-05-31,662295.5
2016-06-01,668263.5833333333
2016-06-02,674395.8333333333
2016-06-03,677631.0833333333
2016-06-04,606831.0833333333
2016-06-05,560295.5
2016-06-06,670521.9166666666
2016-06-07,699614.5833333333
2016-06-08,717009.3333333333
2016-06-09,725622.25
2016-06-10,712941.0
2016-06-11,628812.6666666666
2016-06-12,576852.9166666666
2016-06-13,712592.5
2016-06-14,724163.1666666666
2016-06-15,709942.0
2016-06-16,675185.9166666666
2016-06-17,670206.0833333333
2016-06-18,608315.8333333333
2016-06-19,561366.4166666666
2016-06-20,673328.0
2016-06-21,703520.6666666666
2016-06-22,714053.4166666666
2016-06-23,708884.4166666666
2016-06-24,674991.4166666666
2016-06-25,642791.4166666666
2016-06-26,584500.0833333333
2016-06-27,704565.9166666666
2016-06-28,738078.1666666666
2016-06-29,738145.3333333333
2016-06-30,742683.9166666666
2016-07-01,736709.5
2016-07-02,661747.25
2016-07-03,614243.1666666666
2016-07-04,727171.75
2016-07-05,752839.0833333333
2016-07-06,759194.9166666666
2016-07-07,748146.5833333333
2016-07-08,753867.75
2016-07-09,689540.6666666666
2016-07-10,640895.25
2016-07-11,773561.0
2016-07-12,773985.0
2016-07-13,744099.5
2016-07-14,729354.0
2016-07-15,719505.9166666666
2016-07-16,650337.4166666666
2016-07-17,601833.1666666666
2016-07-18,735807.1666666666
2016-07-19,762841.0
2016-07-20,777381.5833333333
2016-07-21,775546.1666666666
2016-07-22,754330.8333333333
2016-07-23,661701.3333333333
2016-07-24,607119.5
2016-07-25,707524.25
2016-07-26,772364.4166666666
2016-07-27,774959.8333333333
2016-07-28,773424.3333333333
2016-07-29,768981.3333333333
2016-07-30,688612.4166666666
2016-07-31,627168.5833333333
2016-08-01,730419.1666666666
2016-08-02,746188.1666666666
2016-08-03,754170.0833333333
2016-08-04,752332.8333333333
2016-08-05,732303.25
2016-08-06,650102.9166666666
2016-08-07,598741.0
2016-08-08,704473.0833333333
2016-08-09,711840.3333333333
2016-08-10,683236.25
2016-08-11,679846.0
2016-08-12,685872.4166666666
2016-08-13,627350.5833333333
2016-08-14,578754.8333333333
2016-08-15,594144.1666666666
2016-08-16,682745.3333333333
2016-08-17,696385.3333333333
2016-08-18,708274.3333333333
2016-08-19,713050.3333333333
2016-08-20,658417.1666666666
2016-08-21,598767.0
2016-08-22,718306.9166666666
2016-08-23,736810.9166666666
2016-08-24,734996.1666666666
2016-08-25,729406.25
2016-08-26,728928.5833333333
2016-08-27,662476.1666666666
2016-08-28,625048.0833333333
2016-08-29,745886.8333333333
2016-08-30,751944.8333333333
2016-08-31,753955.6666666666
2016-09-01,757412.25
2016-09-02,763688.9166666666
2016-09-03,693485.1666666666
2016-09-04,653843.6666666666
2016-09-05,796252.1666666666
2016-09-06,817611.6666666666
2016-09-07,812772.25
2016-09-08,763990.0
2016-09-09,752904.3333333333
2016-09-10,670576.0833333333
2016-09-11,619170.1666666666
2016-09-12,742013.4166666666
2016-09-13,736652.25
2016-09-14,692910.0833333333
2016-09-15,679760.75
2016-09-16,678260.1666666666
2016-09-17,610894.8333333333
2016-09-18,563054.0
2016-09-19,667523.0
2016-09-20,691014.0833333333
2016-09-21,689879.25
2016-09-22,696063.5833333333
2016-09-23,690308.4166666666
2016-09-24,610219.6666666666
2016-09-25,562646.75
2016-09-26,675772.75
2016-09-27,696425.6666666666
2016-09-28,700116.5833333333
2016-09-29,688309.8333333333
2016-09-30,685277.75
2016-10-01,611839.3333333333
2016-10-02,563698.0
2016-10-03,673128.75
2016-10-04,695333.9166666666
2016-10-05,696462.1666666666
2016-10-06,693653.4166666666
2016-10-07,676773.5
2016-10-08,606629.6666666666
2016-10-09,559467.6666666666
2016-10-10,662045.3333333333
2016-10-11,668650.3333333333
2016-10-12,581616.9166666666
2016-10-13,660891.1666666666
2016-10-14,655898.3333333333
2016-10-15,590546.6666666666
2016-10-16,550454.75
2016-10-17,670695.0
2016-10-18,685319.3333333333
2016-10-19,682190.6666666666
2016-10-20,679563.75
2016-10-21,675239.0833333333
2016-10-22,612059.4166666666
2016-10-23,568398.4166666666
2016-10-24,675035.0
2016-10-25,688274.0
2016-10-26,684955.3333333333
2016-10-27,683200.9166666666
2016-10-28,677891.5833333333
2016-10-29,599039.9166666666
2016-10-30,545534.8996988535
2016-10-31,602282.0710245967
2016-11-01,557949.1666666666
2016-11-02,664320.4166666666
2016-11-03,677926.0
2016-11-04,690508.1666666666
2016-11-05,618148.0833333333
2016-11-06,565504.8333333333
2016-11-07,685294.8333333333
2016-11-08,715769.25
2016-11-09,718764.25
2016-11-10,719580.1666666666
2016-11-11,716254.25
2016-11-12,637615.75
2016-11-13,588934.1666666666
2016-11-14,703590.9166666666
2016-11-15,728403.75
2016-11-16,725203.6666666666
2016-11-17,726891.1666666666
2016-11-18,722174.0833333333
2016-11-19,643734.75
2016-11-20,607834.0833333333
2016-11-21,720653.6666666666
2016-11-22,738256.75
2016-11-23,740626.6666666666
2016-11-24,744372.25
2016-11-25,750557.75
2016-11-26,678020.75
2016-11-27,626155.1666666666
2016-11-28,731383.25
2016-11-29,752480.6666666666
2016-11-30,748467.9166666666
2016-12-01,750155.3333333333
2016-12-02,742091.75
2016-12-03,673569.0833333333
2016-12-04,625594.25
2016-12-05,698861.25
2016-12-06,644778.5
2016-12-07,702518.8333333333
2016-12-08,628841.0833333333
2016-12-09,676697.25
2016-12-10,641691.75
2016-12-11,614700.75
2016-12-12,732703.1666666666
2016-12-13,759687.1666666666
2016-12-14,766649.5
2016-12-15,769060.3333333333
2016-12-16,763853.25
2016-12-17,680111.0
2016-12-18,644945.6666666666
2016-12-19,770634.25
2016-12-20,772306.6666666666
2016-12-21,763589.0833333333
2016-12-22,748701.4166666666
2016-12-23,710854.5833333333
2016-12-24,610565.75
2016-12-25,535634.4166666666
2016-12-26,586835.75
2016-12-27,678692.3333333333
2016-12-28,685035.4166666666
2016-12-29,687470.4166666666
2016-12-30,685108.0833333333
2016-12-31,628773.75
2017-01-01,563474.1666666666
2017-01-02,695651.6666666666
2017-01-03,750448.8333333333
2017-01-04,745959.6666666666
2017-01-05,712997.3333333333
2017-01-06,608340.4166666666
2017-01-07,664516.5833333333
2017-01-08,651367.25
2017-01-09,777165.3333333333
2017-01-10,802976.8333333333
2017-01-11,781081.6666666666
2017-01-12,770605.8333333333
2017-01-13,766315.8333333333
2017-01-14,706860.0
2017-01-15,665854.5
2017-01-16,782338.5833333333
2017-01-17,805630.0833333333
2017-01-18,840896.5833333333
2017-01-19,847500.9166666666
2017-01-20,834108.75
2017-01-21,733098.5833333333
2017-01-22,675417.9166666666
2017-01-23,796099.25
2017-01-24,802100.6666666666
2017-01-25,809168.8333333333
2017-01-26,817135.8333333333
2017-01-27,800197.75
2017-01-28,704192.1666666666
2017-01-29,654326.3333333333
2017-01-30,759831.5833333333
2017-01-31,761453.75
2017-02-01,755488.0
2017-02-02,757779.1666666666
2017-02-03,746618.5833333333
2017-02-04,665636.5833333333
2017-02-05,622223.5833333333
2017-02-06,735918.6666666666
2017-02-07,741539.1666666666
2017-02-08,748999.5
2017-02-09,761511.0833333333
2017-02-10,770592.1666666666
2017-02-11,693868.75
2017-02-12,638019.0833333333
2017-02-13,742638.6666666666
2017-02-14,748473.4166666666
2017-02-15,734288.4166666666
2017-02-16,737352.75
2017-02-17,731521.3333333333
2017-02-18,663716.4166666666
2017-02-19,612288.4166666666
2017-02-20,719545.8333333333
2017-02-21,730747.3333333333
2017-02-22,731304.4166666666
2017-02-23,735497.4166666666
2017-02-24,725132.5
2017-02-25,650807.25
2017-02-26,604178.0833333333
2017-02-27,701848.9166666666
2017-02-28,709053.75
2017-03-01,725172.5833333333
2017-03-02,723522.75
2017-03-03,732950.8333333333
2017-03-04,666140.8333333333
2017-03-05,615479.75
2017-03-06,700918.5833333333
2017-03-07,709677.0
2017-03-08,698163.4166666666
2017-03-09,692694.3333333333
2017-03-10,681999.5833333333
2017-03-11,608783.6666666666
2017-03-12,563878.4166666666
2017-03-13,698736.0833333333
2017-03-14,713197.6666666666
2017-03-15,696001.9166666666
2017-03-16,694873.0833333333
2017-03-17,685645.5
2017-03-18,606196.9166666666
2017-03-19,558654.8333333333
2017-03-20,655369.3333333333
2017-03-21,694226.75
2017-03-22,711934.9166666666
2017-03-23,727348.1666666666
2017-03-24,735124.75
2017-03-25,665684.3333333333
2017-03-26,600466.3323801408
2017-03-27,712723.8333333333
2017-03-28,707829.4166666666
2017-03-29,698828.0
2017-03-30,687392.3333333333
2017-03-31,684299.25
2017-04-01,614445.3333333333
2017-04-02,573856.5833333333
2017-04-03,674344.0833333333
2017-04-04,687763.4166666666
2017-04-05,684483.75
2017-04-06,680748.3333333333
2017-04-07,676245.1666666666
2017-04-08,610413.25
2017-04-09,558820.75
2017-04-10,652616.3333333333
2017-04-11,662593.75
2017-04-12,651265.6666666666
2017-04-13,565688.1666666666
2017-04-14,520171.3333333333
2017-04-15,544811.3333333333
2017-04-16,516200.5833333333
2017-04-17,571515.3333333333
2017-04-18,651546.8333333333
2017-04-19,672742.4166666666
2017-04-20,675376.8333333333
2017-04-21,671872.75
2017-04-22,608640.5833333333
2017-04-23,555866.5833333333
2017-04-24,637782.25
2017-04-25,676294.6666666666
2017-04-26,683079.3333333333
2017-04-27,690476.9166666666
2017-04-28,686173.9166666666
2017-04-29,616511.5833333333
2017-04-30,562531.4166666666
2017-05-01,540672.25
2017-05-02,644590.4166666666
2017-05-03,675642.3333333333
2017-05-04,679305.4166666666
2017-05-05,676401.6666666666
2017-05-06,605662.1666666666
2017-05-07,551857.3333333333
2017-05-08,656609.0833333333
2017-05-09,677539.5
2017-05-10,682098.8333333333
2017-05-11,678492.3333333333
2017-05-12,670914.0
2017-05-13,603056.9166666666
2017-05-14,549948.4166666666
2017-05-15,647231.75
2017-05-16,685451.3333333333
2017-05-17,682785.8333333333
2017-05-18,677431.5833333333
2017-05-19,666077.4166666666
2017-05-20,602801.9166666666
2017-05-21,560536.1666666666
2017-05-22,667923.5
2017-05-23,692451.1666666666
2017-05-24,703023.6666666666
2017-05-25,712893.8333333333
2017-05-26,709189.4166666666
2017-05-27,633821.5
2017-05-28,573280.0
2017-05-29,675745.0
2017-05-30,688814.0
2017-05-31,693773.0
2017-06-01,703443.6666666666
2017-06-02,708754.25
2017-06-03,634224.25
2017-06-04,566429.75
2017-06-05,657489.6666666666
2017-06-06,694194.75
2017-06-07,705725.75
2017-06-08,719446.5
2017-06-09,717186.4166666666
2017-06-10,651453.5
2017-06-11,613881.6666666666
2017-06-12,746095.5833333333
2017-06-13,776934.5
2017-06-14,791011.5
2017-06-15,795719.9166666666
2017-06-16,795677.9166666666
2017-06-17,732791.0
2017-06-18,675192.25
2017-06-19,795068.4166666666
2017-06-20,809546.9166666666
2017-06-21,809501.4166666666
2017-06-22,811129.3333333333
2017-06-23,789196.9166666666
2017-06-24,702572.25
2017-06-25,649321.0833333333
2017-06-26,758728.3333333333
2017-06-27,763433.5
2017-06-28,738018.5833333333
2017-06-29,701537.75
2017-06-30,685531.5
2017-07-01,620535.0833333333
2017-07-02,578334.8333333333
2017-07-03,699566.6666666666
2017-07-04,738375.25
2017-07-05,749635.9166666666
2017-07-06,738347.0
2017-07-07,727356.5
2017-07-08,648974.3333333333
2017-07-09,603301.6666666666
2017-07-10,733492.3333333333
2017-07-11,763611.6666666666
2017-07-12,794348.6666666666
2017-07-13,816125.4166666666
2017-07-14,807407.3333333333
2017-07-15,717594.75
2017-07-16,654517.25
2017-07-17,783856.5833333333
2017-07-18,806750.6666666666
2017-07-19,796555.5
2017-07-20,771977.6666666666
2017-07-21,753202.75
2017-07-22,675351.25
2017-07-23,617740.5
2017-07-24,724155.1666666666
2017-07-25,724493.5833333333
2017-07-26,750618.8333333333
2017-07-27,776749.0833333333
2017-07-28,779487.1666666666
2017-07-29,705325.8333333333
2017-07-30,651054.4166666666
2017-07-31,738908.6666666666
2017-08-01,759880.8333333333
2017-08-02,765207.25
2017-08-03,780771.8333333333
2017-08-04,794017.9166666666
2017-08-05,716663.1666666666
2017-08-06,646396.6666666666
2017-08-07,749146.0
2017-08-08,736691.6666666666
2017-08-09,703320.3333333333
2017-08-10,672728.8333333333
2017-08-11,674129.0833333333
2017-08-12,622698.75
2017-08-13,581546.8333333333
2017-08-14,659724.0833333333
2017-08-15,625207.5
2017-08-16,704149.6666666666
2017-08-17,720583.9166666666
2017-08-18,731751.6666666666
2017-08-19,662130.75
2017-08-20,615801.0833333333
2017-08-21,736963.4166666666
2017-08-22,755644.6666666666
2017-08-23,757458.1666666666
2017-08-24,753159.5833333333
2017-08-25,745979.0
2017-08-26,676353.6666666666
2017-08-27,618464.3333333333
2017-08-28,724103.0833333333
2017-08-29,722309.1666666666
2017-08-30,710212.6666666666
2017-08-31,710531.1666666666
2017-09-01,700114.0833333333
2017-09-02,629272.25
2017-09-03,586953.75
2017-09-04,708023.0
2017-09-05,744569.6666666666
2017-09-06,749156.8333333333
2017-09-07,740250.5833333333
2017-09-08,715875.9166666666
2017-09-09,630308.1666666666
2017-09-10,571355.0
2017-09-11,666008.6666666666
2017-09-12,711102.4166666666
2017-09-13,723783.75
2017-09-14,723938.5833333333
2017-09-15,690081.9166666666
2017-09-16,609098.1666666666
2017-09-17,563827.25
2017-09-18,674149.4166666666
2017-09-19,693870.0833333333
2017-09-20,697864.9166666666
2017-09-21,699251.0833333333
2017-09-22,697754.9166666666
2017-09-23,626292.0833333333
2017-09-24,577563.9166666666
2017-09-25,683952.3333333333
2017-09-26,702362.6666666666
2017-09-27,704420.25
2017-09-28,702625.8333333333
2017-09-29,700190.3333333333
2017-09-30,624202.0
2017-10-01,572120.5
2017-10-02,690145.25
2017-10-03,693620.0833333333
2017-10-04,710856.25
2017-10-05,715006.25
2017-10-06,707425.5
2017-10-07,619868.5833333333
2017-10-08,571624.3333333333
2017-10-09,667731.6666666666
2017-10-10,694948.25
2017-10-11,689828.9166666666
2017-10-12,592089.25
2017-10-13,635484.4166666666
2017-10-14,604669.5
2017-10-15,563360.25
2017-10-16,678746.75
2017-10-17,691142.0
2017-10-18,691945.5
2017-10-19,678158.1666666666
2017-10-20,679484.4166666666
2017-10-21,606443.6666666666
2017-10-22,556056.5
2017-10-23,666843.6666666666
2017-10-24,687993.4166666666
2017-10-25,693958.0
2017-10-26,687768.25
2017-10-27,680714.25
2017-10-28,597736.25
2017-10-29,550825.0161972011
2017-10-30,663675.0070569607
2017-10-31,683041.4166666666
2017-11-01,582316.75
2017-11-02,672526.3333333333
2017-11-03,684904.1666666666
2017-11-04,611220.1666666666
2017-11-05,560818.4166666666
2017-11-06,675354.1666666666
2017-11-07,702475.25
2017-11-08,714163.5
2017-11-09,714249.1666666666
2017-11-10,721078.6666666666
2017-11-11,644669.8333333333
2017-11-12,593290.6666666666
2017-11-13,711532.25
2017-11-14,741075.8333333333
2017-11-15,752491.6666666666
2017-11-16,752375.3333333333
2017-11-17,740383.0833333333
2017-11-18,660697.0833333333
2017-11-19,612410.75
2017-11-20,734310.5833333333
2017-11-21,751828.25
2017-11-22,759827.5
2017-11-23,747401.9166666666
2017-11-24,738608.5
2017-11-25,662954.6666666666
2017-11-26,616658.1666666666
2017-11-27,750186.1666666666
2017-11-28,774426.1666666666
2017-11-29,778291.75
2017-11-30,782760.9166666666
2017-12-01,791672.5
2017-12-02,728489.6666666666
2017-12-03,681495.1666666666
2017-12-04,801703.3333333333
2017-12-05,811906.6666666666
2017-12-06,723347.9166666666
2017-12-07,744672.1666666666
2017-12-08,685844.9166666666
2017-12-09,680037.4166666666
2017-12-10,649858.3333333333
2017-12-11,765384.0833333333
2017-12-12,788009.5833333333
2017-12-13,800731.0
2017-12-14,789810.8333333333
2017-12-15,766521.25
2017-12-16,693213.1666666666
2017-12-17,660395.5
2017-12-18,790928.4166666666
2017-12-19,796143.3333333333
2017-12-20,797890.3333333333
2017-12-21,782970.5
2017-12-22,755705.75
2017-12-23,666236.0
2017-12-24,611272.5
2017-12-25,565467.1666666666
2017-12-26,665715.4166666666
2017-12-27,704548.75
2017-12-28,697700.0833333333
2017-12-29,675984.25
2017-12-30,616654.5
2017-12-31,580903.0
2018-01-01,538969.25
2018-01-02,685317.8333333333
2018-01-03,715756.0833333333
2018-01-04,716237.75
2018-01-05,688252.3333333333
2018-01-06,606231.0
2018-01-07,640990.5833333333
2018-01-08,782404.8333333333
2018-01-09,817215.3333333333
2018-01-10,799910.9166666666
2018-01-11,797084.0
2018-01-12,800161.8333333333
2018-01-13,727227.9166666666
2018-01-14,676006.5
2018-01-15,796817.4166666666
2018-01-16,796374.4166666666
2018-01-17,783907.6666666666
2018-01-18,781647.4166666666
2018-01-19,775532.5
2018-01-20,686645.0833333333
2018-01-21,627932.0833333333
2018-01-22,739796.8333333333
2018-01-23,754847.5
2018-01-24,758088.75
2018-01-25,769392.25
2018-01-26,782254.0833333333
2018-01-27,701699.1666666666
2018-01-28,652804.75
2018-01-29,757507.5833333333
2018-01-30,772978.6666666666
2018-01-31,771163.75
2018-02-01,789355.3333333333
2018-02-02,798554.5833333333
2018-02-03,719152.1666666666
2018-02-04,683789.9166666666
2018-02-05,812017.0833333333
2018-02-06,823652.8333333333
2018-02-07,831797.5833333333
2018-02-08,839932.75
2018-02-09,831396.8333333333
2018-02-10,736952.3333333333
2018-02-11,670950.9166666666
2018-02-12,791339.8333333333
2018-02-13,813099.25
2018-02-14,804534.5
2018-02-15,780423.0
2018-02-16,762305.8333333333
2018-02-17,680745.5
2018-02-18,637474.0
2018-02-19,754594.0
2018-02-20,762580.25
2018-02-21,766805.8333333333
2018-02-22,781084.25
2018-02-23,786856.8333333333
2018-02-24,704562.0833333333
2018-02-25,649571.5833333333
2018-02-26,772941.0
2018-02-27,812871.25
2018-02-28,800374.3333333333
2018-03-01,794636.1666666666
2018-03-02,789384.25
2018-03-03,684407.1666666666
2018-03-04,630738.6666666666
2018-03-05,756830.8333333333
2018-03-06,773241.8333333333
2018-03-07,765149.9166666666
2018-03-08,758112.6666666666
2018-03-09,748742.0
2018-03-10,661239.0
2018-03-11,620679.5833333333
2018-03-12,736387.9166666666
2018-03-13,749089.9166666666
2018-03-14,754999.8333333333
2018-03-15,748951.4166666666
2018-03-16,739022.5833333333
2018-03-17,677618.1666666666
2018-03-18,625648.6666666666
2018-03-19,741851.0
2018-03-20,791706.0833333333
2018-03-21,787425.6666666666
2018-03-22,775788.9166666666
2018-03-23,772728.1666666666
2018-03-24,698105.75
2018-03-25,636799.11921751
2018-03-26,737191.8333333333
2018-03-27,728843.9166666666
2018-03-28,700491.6666666666
2018-03-29,621770.6666666666
2018-03-30,583159.75
2018-03-31,603455.3333333333
2018-04-01,569785.4166666666
2018-04-02,628397.0
2018-04-03,701786.5833333333
2018-04-04,715563.5833333333
2018-04-05,700983.5833333333
2018-04-06,706473.3333333333
2018-04-07,642388.4166666666
2018-04-08,592413.5
2018-04-09,704959.4166666666
2018-04-10,747017.3333333333
2018-04-11,751545.8333333333
2018-04-12,743843.0833333333
2018-04-13,737277.0833333333
2018-04-14,643227.1666666666
2018-04-15,591366.4166666666
2018-04-16,697516.9166666666
2018-04-17,698973.5
2018-04-18,690891.1666666666
2018-04-19,681256.5
2018-04-20,675193.25
2018-04-21,606711.75
2018-04-22,557876.25
2018-04-23,652028.5
2018-04-24,678914.1666666666
2018-04-25,684300.1666666666
2018-04-26,679110.0833333333
2018-04-27,675153.6666666666
2018-04-28,603409.3333333333
2018-04-29,556983.1666666666
2018-04-30,618375.5833333333
2018-05-01,557890.1666666666
2018-05-02,656470.5833333333
2018-05-03,686607.25
2018-05-04,686435.8333333333
2018-05-05,611862.0
2018-05-06,558444.75
2018-05-07,666671.9166666666
2018-05-08,682648.6666666666
2018-05-09,681291.1666666666
2018-05-10,679298.1666666666
2018-05-11,676988.8333333333
2018-05-12,607983.5
2018-05-13,559826.5
2018-05-14,661478.8333333333
2018-05-15,671476.4166666666
2018-05-16,685219.0
2018-05-17,680851.8333333333
2018-05-18,675913.6666666666
2018-05-19,606733.6666666666
2018-05-20,556114.3333333333
2018-05-21,649503.4166666666
2018-05-22,676994.5
2018-05-23,686736.75
2018-05-24,687335.0833333333
2018-05-25,681149.5833333333
2018-05-26,604934.4166666666
2018-05-27,553846.3333333333
2018-05-28,659977.9166666666
2018-05-29,678408.6666666666
2018-05-30,673233.1666666666
2018-05-31,666939.6666666666
2018-06-01,667836.5
2018-06-02,599217.5833333333
2018-06-03,546100.8333333333
2018-06-04,657705.0
2018-06-05,677319.6666666666
2018-06-06,675573.3333333333
2018-06-07,672446.6666666666
2018-06-08,673993.0833333333
2018-06-09,603542.8333333333
2018-06-10,555964.4166666666
2018-06-11,666060.0
2018-06-12,688287.8333333333
2018-06-13,694039.0833333333
2018-06-14,694749.25
2018-06-15,693179.9166666666
2018-06-16,631012.8333333333
2018-06-17,583703.9166666666
2018-06-18,700367.3333333333
2018-06-19,724612.25
2018-06-20,739171.6666666666
2018-06-21,748422.6666666666
2018-06-22,748816.8333333333
2018-06-23,673419.6666666666
2018-06-24,621620.5
2018-06-25,742472.75
2018-06-26,761325.0
2018-06-27,758193.9166666666
2018-06-28,748957.5833333333
2018-06-29,734998.25
2018-06-30,664954.25
2018-07-01,608360.5
2018-07-02,718888.0833333333
2018-07-03,751091.6666666666
2018-07-04,744466.4166666666
2018-07-05,740272.5
2018-07-06,736813.3333333333
2018-07-07,665782.5833333333
2018-07-08,615751.25
2018-07-09,755458.9166666666
2018-07-10,774728.5
2018-07-11,771088.0
2018-07-12,760143.5833333333
2018-07-13,756442.0833333333
2018-07-14,673832.8333333333
2018-07-15,613085.5833333333
2018-07-16,726354.25
2018-07-17,756020.1666666666
2018-07-18,766002.9166666666
2018-07-19,768079.8333333333
2018-07-20,754729.9166666666
2018-07-21,662073.3333333333
2018-07-22,600806.5
2018-07-23,737876.8333333333
2018-07-24,763891.6666666666
2018-07-25,753429.4166666666
2018-07-26,763671.0
2018-07-27,760303.0833333333
2018-07-28,681183.75
2018-07-29,620724.3333333333
2018-07-30,737654.6666666666
2018-07-31,757111.9166666666
2018-08-01,779523.0
2018-08-02,801274.5833333333
2018-08-03,810736.75
2018-08-04,720483.5
2018-08-05,667868.1666666666
2018-08-06,784850.0
2018-08-07,787116.5833333333
2018-08-08,767466.3333333333
2018-08-09,742988.5833333333
2018-08-10,718806.3333333333
2018-08-11,666187.5833333333
2018-08-12,626855.1666666666
2018-08-13,704588.25
2018-08-14,700198.3333333333
2018-08-15,626311.4166666666
2018-08-16,687236.75
2018-08-17,673189.8333333333
2018-08-18,614629.6666666666
2018-08-19,585265.9166666666
2018-08-20,697770.1666666666
2018-08-21,725927.1666666666
2018-08-22,736121.1666666666
2018-08-23,734893.4166666666
2018-08-24,727521.75
2018-08-25,651536.0
2018-08-26,603124.3333333333
2018-08-27,740328.6666666666
2018-08-28,765089.6666666666
2018-08-29,760854.1666666666
2018-08-30,758807.0
2018-08-31,749648.5833333333
2018-09-01,673413.0833333333
2018-09-02,633630.1666666666
2018-09-03,747375.9166666666
2018-09-04,755271.6666666666
2018-09-05,747352.25
2018-09-06,730627.25
2018-09-07,718615.3333333333
2018-09-08,630671.75
2018-09-09,581986.1666666666
2018-09-10,682589.3333333333
2018-09-11,691579.3333333333
2018-09-12,734901.1666666666
2018-09-13,740955.4166666666
2018-09-14,735260.0833333333
2018-09-15,642209.0833333333
2018-09-16,594524.9166666666
2018-09-17,717682.5833333333
2018-09-18,733102.0
2018-09-19,740208.75
2018-09-20,745584.75
2018-09-21,741674.75
2018-09-22,664397.5
2018-09-23,616434.25
2018-09-24,730050.0833333333
2018-09-25,737954.9166666666
2018-09-26,731105.4166666666
2018-09-27,722053.5
2018-09-28,713812.5833333333
2018-09-29,631763.3333333333
2018-09-30,580434.0
2018-10-01,686393.75
2018-10-02,695151.9166666666
2018-10-03,699319.75
2018-10-04,700980.8333333333
2018-10-05,691745.6666666666
2018-10-06,617966.0833333333
2018-10-07,568560.9166666666
2018-10-08,662992.5
2018-10-09,670061.3333333333
2018-10-10,682442.0
2018-10-11,680029.0
2018-10-12,586416.6666666666
2018-10-13,589580.25
2018-10-14,561105.0833333333
2018-10-15,660091.5
2018-10-16,680491.4166666666
2018-10-17,687175.5833333333
2018-10-18,686987.25
2018-10-19,680092.25
2018-10-20,604221.0833333333
2018-10-21,560383.3333333333
2018-10-22,665060.6666666666
2018-10-23,680356.9166666666
2018-10-24,678999.0833333333
2018-10-25,679257.9166666666
2018-10-26,680328.5833333333
2018-10-27,611721.75
2018-10-28,580114.4788365994
2018-10-29,712892.412834759
2018-10-30,739840.0
2018-10-31,733027.0833333333
2018-11-01,620635.5
2018-11-02,660381.25
2018-11-03,624977.5
2018-11-04,593446.3333333333
2018-11-05,715145.6666666666
2018-11-06,736004.0833333333
2018-11-07,737367.8333333333
2018-11-08,738654.0
2018-11-09,726059.3333333333
2018-11-10,650852.3333333333
2018-11-11,598399.25
2018-11-12,710795.8333333333
2018-11-13,718820.5833333333
2018-11-14,718040.9166666666
2018-11-15,717087.8333333333
2018-11-16,710292.3333333333
2018-11-17,632767.5
2018-11-18,598385.3333333333
2018-11-19,714507.3333333333
2018-11-20,740577.0
2018-11-21,744652.75
2018-11-22,748715.8333333333
2018-11-23,743563.75
2018-11-24,666531.1666666666
2018-11-25,627619.8333333333
2018-11-26,742353.0
2018-11-27,757835.9166666666
2018-11-28,760022.6666666666
2018-11-29,763015.0
2018-11-30,751554.5
2018-12-01,672272.8333333333
2018-12-02,624426.4166666666
2018-12-03,730816.0833333333
2018-12-04,738570.9166666666
2018-12-05,733029.3333333333
2018-12-06,642235.3333333333
2018-12-07,670810.5
2018-12-08,627401.5833333333
2018-12-09,609792.25
2018-12-10,731396.3333333333
2018-12-11,755573.1666666666
2018-12-12,763800.8333333333
2018-12-13,774116.1666666666
2018-12-14,763386.1666666666
2018-12-15,683579.0833333333
2018-12-16,643564.9166666666
2018-12-17,762638.1666666666
2018-12-18,787230.5
2018-12-19,771894.8333333333
2018-12-20,761463.0833333333
2018-12-21,734138.9166666666
2018-12-22,651575.75
2018-12-23,611404.0833333333
2018-12-24,611963.6666666666
2018-12-25,536070.0
2018-12-26,636529.5833333333
2018-12-27,684559.0
2018-12-28,687108.6666666666
2018-12-29,639188.25
2018-12-30,606216.0
2018-12-31,621705.0
2019-01-01,554108.1666666666
2019-01-02,706406.0
2019-01-03,750331.0
2019-01-04,755225.1666666666
2019-01-05,683612.75
2019-01-06,628493.1666666666
2019-01-07,727722.0
2019-01-08,805373.5
2019-01-09,807209.4166666666
2019-01-10,816729.5833333333
2019-01-11,825966.0833333333
2019-01-12,735184.1666666666
2019-01-13,687665.8333333333
2019-01-14,796961.3333333333
2019-01-15,805989.8333333333
2019-01-16,809165.3333333333
2019-01-17,811532.5833333333
2019-01-18,810875.75
2019-01-19,731491.1666666666
2019-01-20,673318.9166666666
2019-01-21,793851.5833333333
2019-01-22,827283.0833333333
2019-01-23,818015.8333333333
2019-01-24,800880.5
2019-01-25,778612.9166666666
2019-01-26,689339.5
2019-01-27,647856.0833333333
2019-01-28,772465.75
2019-01-29,791411.25
2019-01-30,790440.9166666666
2019-01-31,785307.5
2019-02-01,774327.0833333333
2019-02-02,707749.9166666666
2019-02-03,665594.6666666666
2019-02-04,790610.3333333333
2019-02-05,788701.0
2019-02-06,773832.0
2019-02-07,766663.1666666666
2019-02-08,757475.75
2019-02-09,681655.5833333333
2019-02-10,639323.75
2019-02-11,742190.4166666666
2019-02-12,760982.0833333333
2019-02-13,755794.25
2019-02-14,752332.9166666666
2019-02-15,748161.0
2019-02-16,667350.8333333333
2019-02-17,621554.1666666666
2019-02-18,740216.6666666666
2019-02-19,750600.5
2019-02-20,745278.8333333333
2019-02-21,746027.3333333333
2019-02-22,730411.0
2019-02-23,652118.8333333333
2019-02-24,602081.1666666666
2019-02-25,712625.75
2019-02-26,721684.9166666666
2019-02-27,719544.5833333333
2019-02-28,703382.5
2019-03-01,710431.4166666666
2019-03-02,637847.8333333333
2019-03-03,589454.4166666666
2019-03-04,693360.0833333333
2019-03-05,711373.4166666666
2019-03-06,730598.9166666666
2019-03-07,721314.5
2019-03-08,709313.5
2019-03-09,633228.0833333333
2019-03-10,581325.1666666666
2019-03-11,685438.1666666666
2019-03-12,703819.1666666666
2019-03-13,714234.9166666666
2019-03-14,712833.5833333333
2019-03-15,699466.0833333333
2019-03-16,623926.75
2019-03-17,580290.3333333333
2019-03-18,671614.9166666666
2019-03-19,667147.5833333333
2019-03-20,713213.5
2019-03-21,717658.4166666666
2019-03-22,709595.25
2019-03-23,633122.3333333333
2019-03-24,579974.6666666666
2019-03-25,679508.0
2019-03-26,695698.25
2019-03-27,696988.75
2019-03-28,696713.3333333333
2019-03-29,694765.9166666666
2019-03-30,624875.5
2019-03-31,586739.2002909353
2019-04-01,693673.25
2019-04-02,705379.5833333333
2019-04-03,707429.4166666666
2019-04-04,710830.3333333333
2019-04-05,722423.0
2019-04-06,646251.8333333333
2019-04-07,603433.9166666666
2019-04-08,709753.9166666666
2019-04-09,723440.25
2019-04-10,720867.0
2019-04-11,717054.0833333333
2019-04-12,700135.3333333333
2019-04-13,622542.75
2019-04-14,573408.75
2019-04-15,669454.0
2019-04-16,675532.3333333333
2019-04-17,669621.6666666666
2019-04-18,596908.75
2019-04-19,549719.9166666666
2019-04-20,561997.3333333333
2019-04-21,542165.4166666666
2019-04-22,587842.9166666666
2019-04-23,649869.5
2019-04-24,694503.9166666666
2019-04-25,694754.3333333333
2019-04-26,678398.0833333333
2019-04-27,599627.6666666666
2019-04-28,538883.8333333333
2019-04-29,639341.0833333333
2019-04-30,655036.3333333333
2019-05-01,551572.25
2019-05-02,634001.4166666666
2019-05-03,657004.8333333333
2019-05-04,599129.0
2019-05-05,553811.75
2019-05-06,654608.0
2019-05-07,676010.75
2019-05-08,683581.9166666666
2019-05-09,682282.0
2019-05-10,675626.0833333333
2019-05-11,603388.0
2019-05-12,551688.25
2019-05-13,653469.1666666666
2019-05-14,677727.6666666666
2019-05-15,675883.0833333333
2019-05-16,683498.0
2019-05-17,666943.75
2019-05-18,594818.4166666666
2019-05-19,551366.4166666666
2019-05-20,653322.8333333333
2019-05-21,672318.4166666666
2019-05-22,679745.8333333333
2019-05-23,679329.75
2019-05-24,673956.25
2019-05-25,600388.5
2019-05-26,547301.6666666666
2019-05-27,660883.25
2019-05-28,682018.4166666666
2019-05-29,680586.8333333333
2019-05-30,676518.4166666666
2019-05-31,678601.9166666666
2019-06-01,619108.25
2019-06-02,573338.75
2019-06-03,686699.9166666666
2019-06-04,703550.0833333333
2019-06-05,688444.9166666666
2019-06-06,679819.75
2019-06-07,676854.4166666666
2019-06-08,609384.75
2019-06-09,560804.4166666666
2019-06-10,651438.5
2019-06-11,673606.5833333333
2019-06-12,680352.8333333333
2019-06-13,684572.25
2019-06-14,680608.75
2019-06-15,612260.25
2019-06-16,565079.0
2019-06-17,673403.1666666666
2019-06-18,696118.9166666666
2019-06-19,701331.3333333333
2019-06-20,692429.75
2019-06-21,688623.0
2019-06-22,631634.9166666666
2019-06-23,585582.8333333333
2019-06-24,645743.5833333333
2019-06-25,724566.5833333333
2019-06-26,751408.6666666666
2019-06-27,766828.3333333333
2019-06-28,777638.6666666666
2019-06-29,710026.0
2019-06-30,656686.25
2019-07-01,757923.6666666666
2019-07-02,768516.25
2019-07-03,767323.3333333333
2019-07-04,766079.75
2019-07-05,765941.0833333333
2019-07-06,692564.25
2019-07-07,639110.25
2019-07-08,734597.5833333333
2019-07-09,729287.4166666666
2019-07-10,743641.1666666666
2019-07-11,775309.1666666666
2019-07-12,783071.8333333333
2019-07-13,695154.1666666666
2019-07-14,625635.3333333333
2019-07-15,749894.75
2019-07-16,763722.8333333333
2019-07-17,754355.3333333333
2019-07-18,760548.9166666666
2019-07-19,772086.8333333333
2019-07-20,702112.1666666666
2019-07-21,650783.3333333333
2019-07-22,788403.75
2019-07-23,812121.0833333333
2019-07-24,813023.1666666666
2019-07-25,788563.25
2019-07-26,762345.25
2019-07-27,658244.75
2019-07-28,596898.25
2019-07-29,715791.0833333333
2019-07-30,728999.0
2019-07-31,717664.5
2019-08-01,742087.5
2019-08-02,737799.0833333333
2019-08-03,663030.75
2019-08-04,619785.0833333333
2019-08-05,726795.9166666666
2019-08-06,746708.1666666666
2019-08-07,738572.6666666666
2019-08-08,751944.1666666666
2019-08-09,752734.25
2019-08-10,674900.0833333333
2019-08-11,609996.3333333333
2019-08-12,667824.25
2019-08-13,669173.8333333333
2019-08-14,679734.75
2019-08-15,621276.1666666666
2019-08-16,673897.25
2019-08-17,649261.25
2019-08-18,611975.5
2019-08-19,702173.0
2019-08-20,700727.0
2019-08-21,697801.75
2019-08-22,704167.0
2019-08-23,703224.25
2019-08-24,644597.5833333333
2019-08-25,601810.1666666666
2019-08-26,709773.25
2019-08-27,708104.3333333333
2019-08-28,717884.75
2019-08-29,733786.6666666666
2019-08-30,740821.75
2019-08-31,662220.4166666666
2019-09-01,614310.0833333333
2019-09-02,723226.0
2019-09-03,754096.9166666666
2019-09-04,759760.5
2019-09-05,737476.0
2019-09-06,711011.3333333333
2019-09-07,633290.0
2019-09-08,584965.1666666666
2019-09-09,683575.75
2019-09-10,686756.4166666666
2019-09-11,656760.5
2019-09-12,677045.25
2019-09-13,666444.0
2019-09-14,599746.5833333333
2019-09-15,564263.9166666666
2019-09-16,680095.5
2019-09-17,701969.5
2019-09-18,703676.25
2019-09-19,706467.9166666666
2019-09-20,697621.5833333333
2019-09-21,618699.4166666666
2019-09-22,566653.0833333333
2019-09-23,663813.8333333333
2019-09-24,686542.25
2019-09-25,697988.0833333333
2019-09-26,699218.3333333333
2019-09-27,695451.5833333333
2019-09-28,615282.0833333333
2019-09-29,564283.4166666666
2019-09-30,675570.9166666666
2019-10-01,699984.8333333333
2019-10-02,691415.8333333333
2019-10-03,680504.5833333333
2019-10-04,679278.25
2019-10-05,608216.1666666666
2019-10-06,561285.1666666666
2019-10-07,668230.75
2019-10-08,690535.9166666666
2019-10-09,674815.5
2019-10-10,684248.25
2019-10-11,675448.25
2019-10-12,585120.75
2019-10-13,556500.1666666666
2019-10-14,666285.6666666666
2019-10-15,666509.8333333333
2019-10-16,672080.5
2019-10-17,675307.4166666666
2019-10-18,662879.5833333333
2019-10-19,600569.6666666666
2019-10-20,554179.0833333333
2019-10-21,657784.0833333333
2019-10-22,686410.0833333333
2019-10-23,691986.9166666666
2019-10-24,688001.75
2019-10-25,680522.0
2019-10-26,600870.1666666666
2019-10-27,558233.7096324252
2019-10-28,663682.3139556991
2019-10-29,680451.1666666666
2019-10-30,679833.0
2019-10-31,668787.1666666666
2019-11-01,577866.1666666666
2019-11-02,575120.75
2019-11-03,551659.6666666666
2019-11-04,666368.0833333333
2019-11-05,687368.5833333333
2019-11-06,690310.75
2019-11-07,703228.5
2019-11-08,712364.3333333333
2019-11-09,639389.5833333333
2019-11-10,593489.8333333333
2019-11-11,721197.4166666666
2019-11-12,733059.5833333333
2019-11-13,736073.0
2019-11-14,751499.4166666666
2019-11-15,751985.75
2019-11-16,673877.25
2019-11-17,635690.3333333333
2019-11-18,744963.0833333333
2019-11-19,771581.8333333333
2019-11-20,778498.0833333333
2019-11-21,776840.5
2019-11-22,771201.5833333333
2019-11-23,664435.6666666666
2019-11-24,618439.8333333333
2019-11-25,732000.1666666666
2019-11-26,742706.1666666666
2019-11-27,731315.25
2019-11-28,732794.0833333333
2019-11-29,719982.5833333333
2019-11-30,639926.5
2019-12-01,608310.75
2019-12-02,722904.0833333333
2019-12-03,745893.5
2019-12-04,756042.9166666666
2019-12-05,747465.25
2019-12-06,652489.25
2019-12-07,638835.0
2019-12-08,612429.9166666666
2019-12-09,688023.8333333333
2019-12-10,746042.8333333333
2019-12-11,758991.1666666666
2019-12-12,773325.8333333333
2019-12-13,747787.1666666666
2019-12-14,659551.0833333333
2019-12-15,622548.75
2019-12-16,735993.3333333333
2019-12-17,748790.0833333333
2019-12-18,749576.25
2019-12-19,748600.1666666666
2019-12-20,707408.5
2019-12-21,621809.1666666666
2019-12-22,577447.5833333333
2019-12-23,630795.4166666666
2019-12-24,576928.6666666666
2019-12-25,501485.75
2019-12-26,585628.1666666666
2019-12-27,632498.3333333333
2019-12-28,605232.1666666666
2019-12-29,578476.75
2019-12-30,647023.3333333333
2019-12-31,618868.5833333333
2020-01-01,546082.25
2020-01-02,684217.6666666666
2020-01-03,713056.5
2020-01-04,656333.9166666666
2020-01-05,620148.5
2020-01-06,600932.5833333333
2020-01-07,751347.3333333333
2020-01-08,780310.3333333333
2020-01-09,785296.3333333333
2020-01-10,781037.6666666666
2020-01-11,701841.5833333333
2020-01-12,664733.9166666666
2020-01-13,796480.8333333333
2020-01-14,804680.1666666666
2020-01-15,794212.0833333333
2020-01-16,785501.4166666666
2020-01-17,772649.3333333333
2020-01-18,693175.9166666666
2020-01-19,653618.4166666666
2020-01-20,805919.6666666666
2020-01-21,827477.3333333333
2020-01-22,807783.75
2020-01-23,794076.5833333333
2020-01-24,783965.4166666666
2020-01-25,697288.1666666666
2020-01-26,641617.0
2020-01-27,767785.9166666666
2020-01-28,768893.0
2020-01-29,755684.6666666666
2020-01-30,742335.8333333333
2020-01-31,730118.5
2020-02-01,647107.25
2020-02-02,596215.0
2020-02-03,694560.4166666666
2020-02-04,710507.0
2020-02-05,719862.9166666666
2020-02-06,730725.3333333333
2020-02-07,734882.3333333333
2020-02-08,663166.0833333333
2020-02-09,616696.0833333333
2020-02-10,714701.0833333333
2020-02-11,725992.6666666666
2020-02-12,730204.6666666666
2020-02-13,724248.4166666666
2020-02-14,719738.0
2020-02-15,642856.0
2020-02-16,596899.6666666666
2020-02-17,702981.0
2020-02-18,727389.5833333333
2020-02-19,727310.9166666666
2020-02-20,725942.1666666666
2020-02-21,714831.0833333333
2020-02-22,638033.4166666666
2020-02-23,586838.25
2020-02-24,695332.0833333333
2020-02-25,706838.0833333333
2020-02-26,714977.9166666666
2020-02-27,713005.8333333333
2020-02-28,692182.25
2020-02-29,637972.25
2020-03-01,593560.4166666666
2020-03-02,702233.9166666666
2020-03-03,730098.5
2020-03-04,719717.0
2020-03-05,716415.8333333333
2020-03-06,719646.5833333333
2020-03-07,647514.5
2020-03-08,598662.3333333333
2020-03-09,700888.0833333333
2020-03-10,706522.1666666666
2020-03-11,708531.1666666666
2020-03-12,701400.0833333333
2020-03-13,691968.25
2020-03-14,609878.5
2020-03-15,566700.4166666666
2020-03-16,665133.5
2020-03-17,670161.9166666666
2020-03-18,649535.9166666666
2020-03-19,605385.5833333333
2020-03-20,616528.3333333333
2020-03-21,585278.0
2020-03-22,553884.5833333333
2020-03-23,620830.0
2020-03-24,628871.4166666666
2020-03-25,630248.4166666666
2020-03-26,626416.5833333333
2020-03-27,634595.0833333333
2020-03-28,574274.0
2020-03-29,530129.3390865694
2020-03-30,577738.4166666666
2020-03-31,581407.25
2020-04-01,573800.75
2020-04-02,568847.8333333333
2020-04-03,555470.9166666666
2020-04-04,516425.8333333333
2020-04-05,492369.3333333333
2020-04-06,540824.1666666666
2020-04-07,539662.0833333333
2020-04-08,530179.0833333333
2020-04-09,506523.1666666666
2020-04-10,485579.25
2020-04-11,493693.75
2020-04-12,476377.4166666666
2020-04-13,514673.8333333333
2020-04-14,559874.4166666666
2020-04-15,574847.5833333333
2020-04-16,574104.1666666666
2020-04-17,569867.8333333333
2020-04-18,526650.5833333333
2020-04-19,495379.9166666666
2020-04-20,555296.4166666666
2020-04-21,576583.75
2020-04-22,578923.9166666666
2020-04-23,576179.9166666666
2020-04-24,570848.3333333333
2020-04-25,531870.6666666666
2020-04-26,497013.0833333333
2020-04-27,561880.8333333333
2020-04-28,575123.4166666666
2020-04-29,577174.8333333333
2020-04-30,564101.9166666666
2020-05-01,496336.1666666666
2020-05-02,505122.0
2020-05-03,490122.75
2020-05-04,557439.8333333333
2020-05-05,580206.9166666666
2020-05-06,586129.0
2020-05-07,577951.0833333333
2020-05-08,571113.3333333333
2020-05-09,520406.25
2020-05-10,485547.5
2020-05-11,560725.0833333333
2020-05-12,591932.8333333333
2020-05-13,586151.4166666666
2020-05-14,587302.4166666666
2020-05-15,574287.1666666666
2020-05-16,524304.5
2020-05-17,493257.25
2020-05-18,566734.5833333333
2020-05-19,584652.5
2020-05-20,599702.8333333333
2020-05-21,605623.5
2020-05-22,609867.1666666666
2020-05-23,554819.75
2020-05-24,519860.3333333333
2020-05-25,599915.6666666666
2020-05-26,616597.5
2020-05-27,621602.5
2020-05-28,617641.8333333333
2020-05-29,616420.25
2020-05-30,559479.4166666666
2020-05-31,517465.8333333333
2020-06-01,597180.8333333333
2020-06-02,624212.4166666666
2020-06-03,634192.9166666666
2020-06-04,620875.6666666666
2020-06-05,609922.6666666666
2020-06-06,554059.5
2020-06-07,510950.8333333333
2020-06-08,591783.9166666666
2020-06-09,610901.75
2020-06-10,622088.75
2020-06-11,621294.4166666666
2020-06-12,615406.75
2020-06-13,553715.75
2020-06-14,513439.4166666666
2020-06-15,610396.0833333333
2020-06-16,625635.0833333333
2020-06-17,626510.25
2020-06-18,625619.5833333333
2020-06-19,627882.6666666666
2020-06-20,581478.0833333333
2020-06-21,548786.6666666666
2020-06-22,656662.5
2020-06-23,679971.5833333333
2020-06-24,639854.75
2020-06-25,684034.5833333333
2020-06-26,670779.6666666666
2020-06-27,609492.0
2020-06-28,580687.0
2020-06-29,694571.0833333333
2020-06-30,721193.5833333333
2020-07-01,729997.3333333333
2020-07-02,730852.5
2020-07-03,699736.5833333333
2020-07-04,634355.6666666666
2020-07-05,599220.5
2020-07-06,723710.8333333333
2020-07-07,744654.25
2020-07-08,748569.1666666666
2020-07-09,735141.6666666666
2020-07-10,719222.75
2020-07-11,653937.5
2020-07-12,600940.8333333333
2020-07-13,714696.4166666666
2020-07-14,719416.3333333333
2020-07-15,721410.75
2020-07-16,724468.0
2020-07-17,718361.4166666666
2020-07-18,652836.9166666666
2020-07-19,612856.3333333333
2020-07-20,731188.75
2020-07-21,748183.8333333333
2020-07-22,740994.5
2020-07-23,751021.75
2020-07-24,746317.5833333333
2020-07-25,666199.0833333333
2020-07-26,629867.0833333333
2020-07-27,755492.9166666666
2020-07-28,773534.5
2020-07-29,774820.8333333333
2020-07-30,783515.4166666666
2020-07-31,771038.0833333333
2020-08-01,696411.4166666666
2020-08-02,634949.5833333333
2020-08-03,703944.4166666666
2020-08-04,710800.1666666666
2020-08-05,728514.4166666666
2020-08-06,738035.5
2020-08-07,737115.4166666666
2020-08-08,665228.6666666666
2020-08-09,623734.5
2020-08-10,698279.3333333333
2020-08-11,694831.5
2020-08-12,672068.25
2020-08-13,677668.5833333333
2020-08-14,669886.0833333333
2020-08-15,592967.0833333333
2020-08-16,555075.0
2020-08-17,638313.5833333333
2020-08-18,669026.75
2020-08-19,687046.5
2020-08-20,689147.5
2020-08-21,699253.8333333333
2020-08-22,636894.6666666666
2020-08-23,587349.6666666666
2020-08-24,694420.9166666666
2020-08-25,733556.5833333333
2020-08-26,751538.6666666666
2020-08-27,757245.6666666666
2020-08-28,728686.3333333333
2020-08-29,595205.75
2020-08-30,535834.0
2020-08-31,644162.3333333333
2020-09-01,666400.0833333333
2020-09-02,675734.25
2020-09-03,686082.1666666666
2020-09-04,689506.6666666666
2020-09-05,618795.6666666666
2020-09-06,569804.0
2020-09-07,657105.4166666666
2020-09-08,664763.5
2020-09-09,683783.0
2020-09-10,687752.1666666666
2020-09-11,666535.75
2020-09-12,620642.9166666666
2020-09-13,578528.6666666666
2020-09-14,688082.0
2020-09-15,708356.0833333333
2020-09-16,718795.0
2020-09-17,705510.4166666666
2020-09-18,679696.9166666666
2020-09-19,594029.5833333333
2020-09-20,545881.8333333333
2020-09-21,650486.3333333333
2020-09-22,671532.25
2020-09-23,676164.3333333333
2020-09-24,675733.0
2020-09-25,653588.5833333333
2020-09-26,577016.8333333333
2020-09-27,533488.75
2020-09-28,633971.8333333333
2020-09-29,657312.5
2020-09-30,661072.0833333333
2020-10-01,667126.9166666666
2020-10-02,661865.3333333333
2020-10-03,578909.0
2020-10-04,542278.25
2020-10-05,643874.5833333333
2020-10-06,661194.0
2020-10-07,666897.9166666666
2020-10-08,669941.75
2020-10-09,648680.4166666666
2020-10-10,580087.75
2020-10-11,532749.1666666666
2020-10-12,542083.0833333333
2020-10-13,641728.6666666666
2020-10-14,668503.1666666666
2020-10-15,672437.75
2020-10-16,669111.25
2020-10-17,604072.6666666666
2020-10-18,554981.4166666666
2020-10-19,656699.3333333333
2020-10-20,678252.0833333333
2020-10-21,672643.6666666666
2020-10-22,675942.9166666666
2020-10-23,662097.0
2020-10-24,590810.1666666666
2020-10-25,551064.7744826376
2020-10-26,654295.1210265793
2020-10-27,677442.0833333333
2020-10-28,683033.8333333333
2020-10-29,683892.1666666666
2020-10-30,674125.1666666666
2020-10-31,597976.9166666666
2020-11-01,547048.1666666666
2020-11-02,615362.75
2020-11-03,666448.5833333333
2020-11-04,693680.6666666666
2020-11-05,694665.9166666666
2020-11-06,675038.4166666666
2020-11-07,602498.0833333333
2020-11-08,554922.8333333333
2020-11-09,656923.6666666666
2020-11-10,679765.0833333333
2020-11-11,687158.3333333333
2020-11-12,687330.75
2020-11-13,681468.0833333333
2020-11-14,611908.25
2020-11-15,556242.0
2020-11-16,659892.1666666666
2020-11-17,682922.5
2020-11-18,687270.25
2020-11-19,680243.8333333333
2020-11-20,676157.5833333333
2020-11-21,616052.25
2020-11-22,582325.5
2020-11-23,698710.4166666666
2020-11-24,726970.4166666666
2020-11-25,732535.5
2020-11-26,729070.3333333333
2020-11-27,722286.8333333333
2020-11-28,643845.4166666666
2020-11-29,602310.3333333333
2020-11-30,711506.8333333333
2020-12-01,714398.6666666666
2020-12-02,723230.4166666666
2020-12-03,744578.5
2020-12-04,747754.0
2020-12-05,681824.8333333333
2020-12-06,634749.0833333333
2020-12-07,668327.4166666666
2020-12-08,650660.6666666666
2020-12-09,759107.6666666666
2020-12-10,769183.75
2020-12-11,745159.3333333333
2020-12-12,646277.1666666666
2020-12-13,613444.5
2020-12-14,723820.3333333333
2020-12-15,732109.6666666666
2020-12-16,748354.4166666666
2020-12-17,746160.75
2020-12-18,741522.8333333333
2020-12-19,663338.4166666666
2020-12-20,616036.5833333333
2020-12-21,714732.75
2020-12-22,714374.6666666666
2020-12-23,693401.3333333333
2020-12-24,610765.9166666666
2020-12-25,541643.4166666666
2020-12-26,605941.8333333333
2020-12-27,614481.0
2020-12-28,691369.5
2020-12-29,697616.5
2020-12-30,698284.4166666666
2020-12-31,650486.25
2021-01-01,574597.5833333333
2021-01-02,644608.4166666666
2021-01-03,649955.75
2021-01-04,760708.0833333333
2021-01-05,774716.1666666666
2021-01-06,671007.0833333333
2021-01-07,820215.75
2021-01-08,837444.5833333333
2021-01-09,742040.4166666666
2021-01-10,705723.4166666666
2021-01-11,816112.9166666666
2021-01-12,845529.0
2021-01-13,844019.9166666666
2021-01-14,839727.0833333333
2021-01-15,829158.4166666666
2021-01-16,738376.4166666666
2021-01-17,685881.9166666666
2021-01-18,800868.1666666666
2021-01-19,817300.0833333333
2021-01-20,817389.8333333333
2021-01-21,788035.0833333333
2021-01-22,763494.25
2021-01-23,687844.0833333333
2021-01-24,627009.3333333333
2021-01-25,745037.6666666666
2021-01-26,739759.8333333333
2021-01-27,719315.0833333333
2021-01-28,712358.25
2021-01-29,697220.0833333333
2021-01-30,640851.6666666666
2021-01-31,601301.1666666666
2021-02-01,697528.8333333333
2021-02-02,713110.5833333333
2021-02-03,710523.5
2021-02-04,709084.25
2021-02-05,708514.0
2021-02-06,639061.3333333333
2021-02-07,604849.0
2021-02-08,723548.0833333333
2021-02-09,759507.6666666666
2021-02-10,737382.8333333333
2021-02-11,727921.6666666666
2021-02-12,713689.9166666666
2021-02-13,635092.25
2021-02-14,604100.5833333333
2021-02-15,710394.0
2021-02-16,720193.3333333333
2021-02-17,720601.25
2021-02-18,723622.0833333333
2021-02-19,716559.8333333333
2021-02-20,641421.4166666666
2021-02-21,611031.5833333333
2021-02-22,710553.8333333333
2021-02-23,718771.1666666666
2021-02-24,717061.5833333333
2021-02-25,714384.0833333333
2021-02-26,710092.8333333333
2021-02-27,635519.5833333333
2021-02-28,592162.1666666666
2021-03-01,699182.0833333333
2021-03-02,718136.9166666666
2021-03-03,714519.25
2021-03-04,708472.4166666666
2021-03-05,703407.0
2021-03-06,627020.6666666666
2021-03-07,592349.8333333333
2021-03-08,708522.75
2021-03-09,726483.5833333333
2021-03-10,718186.9166666666
2021-03-11,707776.25
2021-03-12,696155.4166666666
2021-03-13,616956.8333333333
2021-03-14,579364.4166666666
2021-03-15,689510.25
2021-03-16,701288.8333333333
2021-03-17,701141.6666666666
2021-03-18,709020.9166666666
2021-03-19,673194.0833333333
2021-03-20,639192.75
2021-03-21,600923.5
2021-03-22,702508.8333333333
2021-03-23,707258.4166666666
2021-03-24,699730.6666666666
2021-03-25,690823.8333333333
2021-03-26,684303.5833333333
2021-03-27,617315.0
2021-03-28,564807.177678347
2021-03-29,660344.9166666666
2021-03-30,663946.4166666666
2021-03-31,649668.75
2021-04-01,575256.4166666666
2021-04-02,528988.75
2021-04-03,547515.9166666666
2021-04-04,522650.8333333333
2021-04-05,572143.9166666666
2021-04-06,646874.5
2021-04-07,672166.5833333333
2021-04-08,678012.5833333333
2021-04-09,678200.1666666666
2021-04-10,606368.1666666666
2021-04-11,560808.9166666666
2021-04-12,656691.9166666666
2021-04-13,684733.75
2021-04-14,680989.8333333333
2021-04-15,685997.3333333333
2021-04-16,676681.75
2021-04-17,606943.5
2021-04-18,561020.75
2021-04-19,664995.3333333333
2021-04-20,677566.0833333333
2021-04-21,677500.0833333333
2021-04-22,680320.75
2021-04-23,652288.6666666666
2021-04-24,590071.9166666666
2021-04-25,559049.25
2021-04-26,657593.3333333333
2021-04-27,670716.8333333333
2021-04-28,663792.25
2021-04-29,663366.5
2021-04-30,651749.0
2021-05-01,545244.0
2021-05-02,527255.5
2021-05-03,631654.5
2021-05-04,656610.1666666666
2021-05-05,657621.75
2021-05-06,653822.1666666666
2021-05-07,647431.75
2021-05-08,579878.1666666666
2021-05-09,543885.6666666666
2021-05-10,636471.8333333333
2021-05-11,653075.25
2021-05-12,655052.5833333333
2021-05-13,662249.25
2021-05-14,653105.4166666666
2021-05-15,586489.1666666666
2021-05-16,547881.5
2021-05-17,635870.9166666666
2021-05-18,663042.75
2021-05-19,667218.5
2021-05-20,664235.5
2021-05-21,658526.3333333333
2021-05-22,587612.4166666666
2021-05-23,542029.25
2021-05-24,620343.6666666666
2021-05-25,652430.1666666666
2021-05-26,660771.1666666666
2021-05-27,662945.8333333333
2021-05-28,654829.1666666666
2021-05-29,595480.1666666666
2021-05-30,550825.25
2021-05-31,651834.25
2021-06-01,665223.3333333333
2021-06-02,668134.8333333333
2021-06-03,665927.5833333333
2021-06-04,660032.9166666666
2021-06-05,591359.5833333333
2021-06-06,545923.5
2021-06-07,657896.8333333333
2021-06-08,688270.3333333333
2021-06-09,698033.75
2021-06-10,706460.5
2021-06-11,698342.3333333333
2021-06-12,632343.25
2021-06-13,588051.5833333333
2021-06-14,705772.3333333333
2021-06-15,727040.9166666666
2021-06-16,720351.9166666666
2021-06-17,695478.25
2021-06-18,682690.9166666666
2021-06-19,613210.5
2021-06-20,560079.9166666666
2021-06-21,659917.0833333333
2021-06-22,675718.5
2021-06-23,664485.8333333333
2021-06-24,634633.9166666666
2021-06-25,660083.0
2021-06-26,616073.0
2021-06-27,572895.25
2021-06-28,669338.3333333333
2021-06-29,693579.9166666666
2021-06-30,709867.8333333333
2021-07-01,710852.8333333333
2021-07-02,714617.5833333333
2021-07-03,653702.4166666666
2021-07-04,613780.5
2021-07-05,723298.9166666666
2021-07-06,730577.3333333333
2021-07-07,706548.8333333333
2021-07-08,699892.5
2021-07-09,711363.8333333333
2021-07-10,661126.25
2021-07-11,625125.9166666666
2021-07-12,719688.25
2021-07-13,704772.1666666666
2021-07-14,703964.1666666666
2021-07-15,710342.8333333333
2021-07-16,720015.9166666666
2021-07-17,667553.8333333333
2021-07-18,621667.9166666666
2021-07-19,732788.9166666666
2021-07-20,749115.0833333333
2021-07-21,759046.25
2021-07-22,768639.0
2021-07-23,759500.3333333333
2021-07-24,674211.75
2021-07-25,613305.5
2021-07-26,704732.8333333333
2021-07-27,725486.1666666666
2021-07-28,735292.6666666666
2021-07-29,746953.0833333333
2021-07-30,738400.0833333333
2021-07-31,647243.25
2021-08-01,575231.75
2021-08-02,654790.1666666666
2021-08-03,677448.5833333333
2021-08-04,687752.5
2021-08-05,697316.75
2021-08-06,692064.3333333333
2021-08-07,637587.25
2021-08-08,580656.4166666666
2021-08-09,651397.5833333333
2021-08-10,674316.3333333333
2021-08-11,698910.3333333333
2021-08-12,718748.9166666666
2021-08-13,724506.8333333333
2021-08-14,697281.0833333333
2021-08-15,655411.8333333333
2021-08-16,691430.25
2021-08-17,688641.8333333333
2021-08-18,684961.4166666666
2021-08-19,682038.25
2021-08-20,684127.9166666666
2021-08-21,642259.25
2021-08-22,604233.5
2021-08-23,697443.3333333333
2021-08-24,708487.5
2021-08-25,700406.8333333333
2021-08-26,709760.0
2021-08-27,713138.3333333333
2021-08-28,641290.3333333333
2021-08-29,588666.25
2021-08-30,683438.25
2021-08-31,708529.3333333333
2021-09-01,701866.8333333333
2021-09-02,694585.1666666666
2021-09-03,693752.9166666666
2021-09-04,624356.0
2021-09-05,589418.0833333333
2021-09-06,711777.5
2021-09-07,730337.8333333333
2021-09-08,714846.5
2021-09-09,717527.0833333333
2021-09-10,703184.9166666666
2021-09-11,627496.4166666666
2021-09-12,589400.6666666666
2021-09-13,690991.75
2021-09-14,706083.1666666666
2021-09-15,699146.8333333333
2021-09-16,680150.1666666666
2021-09-17,673110.9166666666
2021-09-18,598742.25
2021-09-19,549956.25
2021-09-20,647251.6666666666
2021-09-21,651071.5
2021-09-22,658185.5
2021-09-23,659509.8333333333
2021-09-24,656213.75
2021-09-25,593352.6666666666
2021-09-26,546176.25
2021-09-27,648543.3333333333
2021-09-28,670294.25
2021-09-29,670865.3333333333
2021-09-30,665086.1666666666
2021-10-01,659573.8333333333
2021-10-02,587421.4166666666
2021-10-03,545067.4166666666
2021-10-04,621564.9166666666
2021-10-05,644683.3333333333
2021-10-06,660248.0833333333
2021-10-07,652846.1666666666
2021-10-08,648044.25
2021-10-09,578676.0
2021-10-10,531586.5
2021-10-11,578910.1666666666
2021-10-12,543008.0833333333
2021-10-13,633208.25
2021-10-14,641181.0
2021-10-15,649304.6666666666
2021-10-16,583437.9166666666
2021-10-17,543766.75
2021-10-18,642453.25
2021-10-19,658835.6666666666
2021-10-20,658193.0
2021-10-21,654210.3333333333
2021-10-22,645752.5
2021-10-23,579517.75
2021-10-24,539575.1666666666
2021-10-25,637820.5
2021-10-26,658401.8333333333
2021-10-27,656838.0
2021-10-28,656695.4166666666
2021-10-29,660235.75
2021-10-30,596693.5833333333
2021-10-31,545873.8210207511
2021-11-01,546101.2278304072
2021-11-02,640629.6666666666
2021-11-03,666747.25
2021-11-04,674091.3333333333
2021-11-05,680692.6666666666
2021-11-06,621874.5
2021-11-07,586715.1666666666
2021-11-08,682186.6666666666
2021-11-09,693138.5
2021-11-10,704105.5833333333
2021-11-11,705259.9166666666
2021-11-12,699263.4166666666
2021-11-13,620222.9166666666
2021-11-14,581299.1666666666
2021-11-15,686984.5833333333
2021-11-16,711687.8333333333
2021-11-17,712382.4166666666
2021-11-18,719048.5
2021-11-19,717081.4166666666
2021-11-20,646965.3333333333
2021-11-21,595869.5833333333
2021-11-22,709269.5833333333
2021-11-23,734937.8333333333
2021-11-24,748785.25
2021-11-25,748059.75
2021-11-26,743961.25
2021-11-27,677899.5
2021-11-28,647104.8333333333
2021-11-29,743166.25
2021-11-30,754948.9166666666
2021-12-01,759504.1666666666
2021-12-02,760580.4166666666
2021-12-03,752342.75
2021-12-04,674739.3333333333
2021-12-05,625472.0
2021-12-06,633283.9166666666
2021-12-07,673152.5
2021-12-08,645287.5833333333
2021-12-09,742833.6666666666
2021-12-10,738481.1666666666
2021-12-11,661828.1666666666
2021-12-12,615548.6666666666
2021-12-13,724840.5
2021-12-14,746246.8333333333
2021-12-15,748290.4166666666
2021-12-16,751566.4166666666
2021-12-17,745056.8333333333
2021-12-18,672063.5833333333
2021-12-19,625703.6666666666
2021-12-20,736317.4166666666
2021-12-21,737157.6666666666
2021-12-22,723462.6666666666
2021-12-23,692153.0833333333
2021-12-24,597577.75
2021-12-25,514828.0833333333
2021-12-26,545430.9166666666
2021-12-27,614520.4166666666
2021-12-28,621495.3333333333
2021-12-29,615483.0
2021-12-30,614997.3333333333
2021-12-31,573620.5
2022-01-01,501385.5
2022-01-02,543588.0833333333
2022-01-03,654491.1666666666
2022-01-04,677370.8333333333
2022-01-05,674116.3333333333
2022-01-06,580723.0833333333
2022-01-07,664540.6666666666
2022-01-08,645769.0
2022-01-09,615223.5
2022-01-10,714410.6666666666
2022-01-11,726966.0
2022-01-12,733318.1666666666
2022-01-13,746464.3333333333
2022-01-14,754536.75
2022-01-15,676531.5
2022-01-16,637014.5
2022-01-17,747587.1666666666
2022-01-18,771083.9166666666
2022-01-19,773997.75
2022-01-20,772294.9166666666
2022-01-21,766929.25
2022-01-22,691528.6666666666
2022-01-23,649779.0833333333
2022-01-24,766125.8333333333
2022-01-25,766399.4166666666
2022-01-26,763684.9166666666
2022-01-27,755735.8333333333
2022-01-28,745842.9166666666
2022-01-29,666337.3333333333
2022-01-30,617793.75
2022-01-31,722238.3333333333
2022-02-01,733486.0833333333
2022-02-02,728116.3333333333
2022-02-03,723801.9166666666
2022-02-04,717740.1666666666
2022-02-05,643778.8333333333
2022-02-06,604183.1666666666
2022-02-07,704163.3333333333
2022-02-08,717036.8333333333
2022-02-09,718493.8333333333
2022-02-10,723665.1666666666
2022-02-11,713374.6666666666
2022-02-12,644175.5833333333
2022-02-13,597488.0833333333
2022-02-14,700936.0
2022-02-15,719168.75
2022-02-16,717653.0833333333
2022-02-17,709072.5
2022-02-18,696781.25
2022-02-19,639164.1666666666
2022-02-20,594571.8333333333
2022-02-21,689976.1666666666
2022-02-22,697760.5
2022-02-23,697699.4166666666
2022-02-24,699979.4166666666
2022-02-25,701525.1666666666
2022-02-26,639122.5
2022-02-27,589865.6666666666
2022-02-28,665355.6666666666
2022-03-01,689071.5
2022-03-02,696990.25
2022-03-03,704349.4166666666
2022-03-04,700556.3333333333
2022-03-05,620071.0833333333
2022-03-06,582974.75
2022-03-07,695677.0833333333
2022-03-08,696855.0833333333
2022-03-09,688831.1666666666
2022-03-10,683756.25
2022-03-11,689583.5833333333
2022-03-12,606678.75
2022-03-13,561797.0
2022-03-14,689043.0
2022-03-15,689322.9166666666
2022-03-16,690145.8333333333
2022-03-17,680580.6666666666
2022-03-18,666181.4166666666
2022-03-19,588618.5
2022-03-20,558140.75
2022-03-21,657145.6666666666
2022-03-22,672535.3333333333
2022-03-23,678080.8333333333
2022-03-24,684633.5833333333
2022-03-25,671806.0
2022-03-26,601565.5
2022-03-27,547733.618928756
2022-03-28,642445.25
2022-03-29,660605.5
2022-03-30,667926.4166666666
2022-03-31,666810.1666666666
2022-04-01,671023.6666666666
2022-04-02,606830.1666666666
2022-04-03,575325.0
2022-04-04,702604.1666666666
2022-04-05,726504.5833333333
2022-04-06,705044.5
2022-04-07,678925.1666666666
2022-04-08,666328.1666666666
2022-04-09,587517.0833333333
2022-04-10,540187.6666666666
2022-04-11,629750.75
2022-04-12,648810.9166666666
2022-04-13,640552.1666666666
2022-04-14,546505.4166666666
2022-04-15,500681.75
2022-04-16,514364.3333333333
2022-04-17,490022.8333333333
2022-04-18,537962.0
2022-04-19,612470.0833333333
2022-04-20,651826.6666666666
2022-04-21,654275.1666666666
2022-04-22,655160.0
2022-04-23,583201.3333333333
2022-04-24,533620.9166666666
2022-04-25,619252.5
2022-04-26,641065.6666666666
2022-04-27,652931.5833333333
2022-04-28,650358.4166666666
2022-04-29,634350.1666666666
2022-04-30,555446.3333333333
2022-05-01,495640.8333333333
2022-05-02,573876.5
2022-05-03,635784.4166666666
2022-05-04,643953.9166666666
2022-05-05,636558.0833333333
2022-05-06,622751.9166666666
2022-05-07,557156.5833333333
2022-05-08,515166.5
2022-05-09,617269.0833333333
2022-05-10,639627.5833333333
2022-05-11,644362.25
2022-05-12,643654.5
2022-05-13,643984.1666666666
2022-05-14,574785.0833333333
2022-05-15,529487.9166666666
2022-05-16,621413.9166666666
2022-05-17,649129.8333333333
2022-05-18,664467.6666666666
2022-05-19,674494.8333333333
2022-05-20,673111.75
2022-05-21,607325.1666666666
2022-05-22,552167.8333333333
2022-05-23,646467.9166666666
2022-05-24,650944.75
2022-05-25,633905.0
2022-05-26,638761.75
2022-05-27,644549.4166666666
2022-05-28,590065.5
2022-05-29,543811.8333333333
2022-05-30,635433.0833333333
2022-05-31,662022.5
2022-06-01,664904.6666666666
2022-06-02,670940.0833333333
2022-06-03,669353.9166666666
2022-06-04,593173.8333333333
2022-06-05,549672.5
2022-06-06,629573.9166666666
2022-06-07,676556.25
2022-06-08,684960.4166666666
2022-06-09,690027.9166666666
2022-06-10,694222.6666666666
2022-06-11,636004.1666666666
2022-06-12,590750.3333333333
2022-06-13,710982.25
2022-06-14,757126.9166666666
2022-06-15,775864.1666666666
2022-06-16,770308.6666666666
2022-06-17,766770.0
2022-06-18,678976.75
2022-06-19,593080.0
2022-06-20,702847.0
2022-06-21,712162.1666666666
2022-06-22,691025.5833333333
2022-06-23,666412.9166666666
2022-06-24,613841.4166666666
2022-06-25,590524.0
2022-06-26,550258.9166666666
2022-06-27,642798.0833333333
2022-06-28,672447.0
2022-06-29,680389.5833333333
2022-06-30,675710.75
2022-07-01,668053.75
2022-07-02,621620.3333333333
2022-07-03,579294.0833333333
2022-07-04,681648.0833333333
2022-07-05,714392.0833333333
2022-07-06,709208.5
2022-07-07,699571.25
2022-07-08,707544.9166666666
2022-07-09,645529.1666666666
2022-07-10,611743.1666666666
2022-07-11,736509.6666666666
2022-07-12,765734.5
2022-07-13,781990.6666666666
2022-07-14,785873.1666666666
2022-07-15,779481.3333333333
2022-07-16,703328.9166666666
2022-07-17,652372.0
2022-07-18,770702.3333333333
2022-07-19,767147.8333333333
2022-07-20,767424.5833333333
2022-07-21,777083.0833333333
2022-07-22,775977.4166666666
2022-07-23,682927.1666666666
2022-07-24,641450.5
2022-07-25,729799.75
2022-07-26,763763.0
2022-07-27,749790.4166666666
2022-07-28,750176.3333333333
2022-07-29,741386.9166666666
2022-07-30,659913.3333333333
2022-07-31,622037.3333333333
2022-08-01,727115.1666666666
2022-08-02,746677.0
2022-08-03,740489.5833333333
2022-08-04,728917.1666666666
2022-08-05,709344.5833333333
2022-08-06,641405.6666666666
2022-08-07,596805.0833333333
2022-08-08,671635.3333333333
2022-08-09,684505.25
2022-08-10,701243.1666666666
2022-08-11,703303.0
2022-08-12,702235.0
2022-08-13,650178.0
2022-08-14,583683.1666666666
2022-08-15,572859.5833333333
2022-08-16,632565.25
2022-08-17,629593.8333333333
2022-08-18,618362.0833333333
2022-08-19,621118.0833333333
2022-08-20,594611.75
2022-08-21,567938.6666666666
2022-08-22,661025.9166666666
2022-08-23,689376.3333333333
2022-08-24,700082.0833333333
2022-08-25,693622.4166666666
2022-08-26,677340.0
2022-08-27,616461.0
2022-08-28,577999.1666666666
2022-08-29,684880.5833333333
2022-08-30,707653.5833333333
2022-08-31,696652.4166666666
2022-09-01,686969.5833333333
2022-09-02,686913.0833333333
2022-09-03,597725.4166666666
2022-09-04,552137.5
2022-09-05,665754.3333333333
2022-09-06,679426.5
2022-09-07,684596.3333333333
2022-09-08,671024.3333333333
2022-09-09,678222.0833333333
2022-09-10,611360.5
2022-09-11,576631.25
2022-09-12,697931.25
2022-09-13,701110.5833333333
2022-09-14,674997.1666666666
2022-09-15,670033.75
2022-09-16,666231.4166666666
2022-09-17,580358.5
2022-09-18,536689.8333333333
2022-09-19,645912.8333333333
2022-09-20,663440.75
2022-09-21,658095.0
2022-09-22,657157.1666666666
2022-09-23,650939.0833333333
2022-09-24,564153.9166666666
2022-09-25,511572.1666666666
2022-09-26,602086.5
2022-09-27,623106.25
2022-09-28,625594.5
2022-09-29,625061.6666666666
2022-09-30,608944.9166666666
2022-10-01,544434.4166666666
2022-10-02,507742.5833333333
2022-10-03,612497.6666666666
2022-10-04,632894.3333333333
2022-10-05,632314.0833333333
2022-10-06,639641.1666666666
2022-10-07,630458.75
2022-10-08,554796.75
2022-10-09,509435.1666666666
2022-10-10,611685.0833333333
2022-10-11,620322.1666666666
2022-10-12,527253.4166666666
2022-10-13,607199.5833333333
2022-10-14,617897.5
2022-10-15,538795.4166666666
2022-10-16,507639.0
2022-10-17,612174.1666666666
2022-10-18,633042.0
2022-10-19,647640.25
2022-10-20,650425.6666666666
2022-10-21,636478.4166666666
2022-10-22,550937.0833333333
2022-10-23,517755.0
2022-10-24,611245.5833333333
2022-10-25,629359.5
2022-10-26,634411.6666666666
2022-10-27,629056.0833333333
2022-10-28,618048.5833333333
2022-10-29,540473.5
2022-10-30,500410.70398194017
2022-10-31,555355.9316265222
2022-11-01,508049.9166666666
2022-11-02,600956.0833333333
2022-11-03,622015.8333333333
2022-11-04,619161.75
2022-11-05,539896.8333333333
2022-11-06,501886.1666666666
2022-11-07,604995.8333333333
2022-11-08,634474.8333333333
2022-11-09,627237.4166666666
2022-11-10,628730.4166666666
2022-11-11,633115.3333333333
2022-11-12,558632.0
2022-11-13,512994.9166666666
2022-11-14,621778.3333333333
2022-11-15,643066.0833333333
2022-11-16,649652.9166666666
2022-11-17,649309.25
2022-11-18,643601.5
2022-11-19,575503.75
2022-11-20,533701.5833333333
2022-11-21,655720.1666666666
2022-11-22,682042.6666666666
2022-11-23,669998.75
2022-11-24,666679.75
2022-11-25,649505.5833333333
2022-11-26,583591.1666666666
2022-11-27,552537.9166666666
2022-11-28,658195.5
2022-11-29,681007.1666666666
2022-11-30,692270.6666666666
2022-12-01,697088.5
2022-12-02,697511.5
2022-12-03,627439.5833333333
2022-12-04,585287.1666666666
2022-12-05,673322.9166666666
2022-12-06,614841.4166666666
2022-12-07,661528.3333333333
2022-12-08,602071.0
2022-12-09,637675.6666666666
2022-12-10,591801.9166666666
2022-12-11,579421.75
2022-12-12,693461.1666666666
2022-12-13,701426.6666666666
2022-12-14,688117.1666666666
2022-12-15,678921.4166666666
2022-12-16,681033.0
2022-12-17,599214.3333333333
2022-12-18,566647.1666666666
2022-12-19,679459.25
2022-12-20,693921.0833333333
2022-12-21,677256.1666666666
2022-12-22,660284.5833333333
2022-12-23,626416.0
2022-12-24,528734.3333333333
2022-12-25,463575.6666666666
2022-12-26,506659.0
2022-12-27,575760.9166666666
2022-12-28,594122.0833333333
2022-12-29,603754.1666666666
2022-12-30,589227.5
2022-12-31,526240.3333333333
2023-01-01,470848.9166666666
2023-01-02,584484.0
2023-01-03,636727.4166666666
2023-01-04,649066.6666666666
2023-01-05,633697.6666666666
2023-01-06,542449.0
2023-01-07,590348.1666666666
2023-01-08,580587.6666666666
2023-01-09,664358.75
2023-01-10,691913.1666666666
2023-01-11,700937.1666666666
2023-01-12,702297.4166666666
2023-01-13,700216.6666666666
2023-01-14,627321.6666666666
2023-01-15,583258.4166666666
2023-01-16,719132.1666666666
2023-01-17,724074.4166666666
2023-01-18,740979.4166666666
2023-01-19,746762.75
2023-01-20,719187.3333333333
2023-01-21,639469.8333333333
2023-01-22,608189.8333333333
2023-01-23,741373.9166666666
2023-01-24,780027.5
2023-01-25,767889.75
2023-01-26,773600.25
2023-01-27,758636.5833333333
2023-01-28,674328.0
2023-01-29,634362.4166666666
2023-01-30,748070.8333333333
2023-01-31,757047.4166666666
2023-02-01,754208.25
2023-02-02,747706.3333333333
2023-02-03,730156.1666666666
2023-02-04,636307.3333333333
2023-02-05,588447.5
2023-02-06,725837.75
2023-02-07,766535.5833333333
2023-02-08,761114.1666666666
2023-02-09,750321.6666666666
2023-02-10,747849.5
2023-02-11,655555.5
2023-02-12,611150.0
2023-02-13,720958.25
2023-02-14,733876.5
2023-02-15,723017.5
2023-02-16,714835.75
2023-02-17,702620.8333333333
2023-02-18,617494.1666666666
2023-02-19,567324.5
2023-02-20,664557.5833333333
2023-02-21,679795.6666666666
2023-02-22,680393.8333333333
2023-02-23,699168.25
2023-02-24,696576.6666666666
2023-02-25,629845.0833333333
2023-02-26,590084.5
2023-02-27,718919.6666666666
2023-02-28,725963.5
2023-03-01,744988.5833333333
2023-03-02,745043.0
2023-03-03,726804.25
2023-03-04,633511.8333333333
2023-03-05,603375.25
2023-03-06,696959.0
2023-03-07,693838.4166666666
2023-03-08,683027.25
2023-03-09,676295.3333333333
2023-03-10,647872.5833333333
2023-03-11,570155.0
2023-03-12,523348.5833333333
2023-03-13,621882.4166666666
2023-03-14,633429.25
2023-03-15,635209.4166666666
2023-03-16,635533.9166666666
2023-03-17,633160.6666666666
2023-03-18,569290.9166666666
2023-03-19,518056.9166666666
2023-03-20,603121.8333333333
2023-03-21,628436.75
2023-03-22,623305.75
2023-03-23,623296.75
2023-03-24,626863.75
2023-03-25,554895.25
2023-03-26,512239.0974960795
2023-03-27,604341.5833333333
2023-03-28,618395.8333333333
2023-03-29,613410.0
2023-03-30,604767.75
2023-03-31,601910.1666666666
2023-04-01,535320.6666666666
2023-04-02,490978.6666666666
2023-04-03,575060.1666666666
2023-04-04,590430.1666666666
2023-04-05,579665.5833333333
2023-04-06,509680.0833333333
2023-04-07,463053.75
2023-04-08,477087.75
2023-04-09,457181.6666666666
2023-04-10,507075.0
2023-04-11,573300.1666666666
2023-04-12,597113.9166666666
2023-04-13,593485.0
2023-04-14,598090.1666666666
2023-04-15,534557.8333333333
2023-04-16,487094.75
2023-04-17,573494.5833333333
2023-04-18,593550.75
2023-04-19,593564.0833333333
2023-04-20,595317.5
2023-04-21,587939.4166666666
2023-04-22,528194.5833333333
2023-04-23,483174.9166666666
2023-04-24,575497.75
2023-04-25,600090.3333333333
2023-04-26,606068.75
2023-04-27,615212.9166666666
2023-04-28,605667.8333333333
2023-04-29,536759.8333333333
2023-04-30,485655.3333333333
2023-05-01,466952.5833333333
2023-05-02,568417.1666666666
2023-05-03,599819.5833333333
2023-05-04,601951.75
2023-05-05,600943.4166666666
2023-05-06,531444.1666666666
2023-05-07,496537.5
2023-05-08,588987.5
2023-05-09,611864.9166666666
2023-05-10,604195.25
2023-05-11,596773.5833333333
2023-05-12,587019.0
2023-05-13,519915.6666666666
2023-05-14,481291.0833333333
2023-05-15,566592.6666666666
2023-05-16,591039.25
2023-05-17,585364.9166666666
2023-05-18,588754.5833333333
2023-05-19,584532.0833333333
2023-05-20,521474.0833333333
2023-05-21,482859.0833333333
2023-05-22,582533.3333333333
2023-05-23,596745.75
2023-05-24,592560.1666666666
2023-05-25,592586.5
2023-05-26,578579.6666666666
2023-05-27,508690.25
2023-05-28,468538.4166666666
2023-05-29,563800.5833333333
2023-05-30,587924.6666666666
2023-05-31,591222.6666666666
2023-06-01,606543.0833333333
2023-06-02,604252.0
2023-06-03,529171.5
2023-06-04,490081.5
2023-06-05,589733.25
2023-06-06,615003.3333333333
2023-06-07,633821.4166666666
2023-06-08,628056.5
2023-06-09,615017.0
2023-06-10,543841.0
2023-06-11,508651.6666666666
2023-06-12,611461.6666666666
2023-06-13,627820.3333333333
2023-06-14,632674.0833333333
2023-06-15,644258.5
2023-06-16,652197.8333333333
2023-06-17,588844.75
2023-06-18,536643.25
2023-06-19,638638.5833333333
2023-06-20,659231.1666666666
2023-06-21,667523.75
2023-06-22,661239.75
2023-06-23,658495.9166666666
2023-06-24,582937.75
2023-06-25,572031.8333333333
2023-06-26,708628.25
2023-06-27,728875.6666666666
2023-06-28,731489.5
2023-06-29,725474.3333333333
2023-06-30,683318.4166666666
2023-07-01,601984.4166666666
2023-07-02,572378.3333333333
2023-07-03,693567.75
2023-07-04,704136.75
2023-07-05,708616.1666666666
2023-07-06,712452.5833333333
2023-07-07,702214.3333333333
2023-07-08,615946.75
2023-07-09,582112.5
2023-07-10,727292.9166666666
2023-07-11,769545.6666666666
2023-07-12,762631.0
2023-07-13,748265.1666666666
2023-07-14,749734.0833333333
2023-07-15,649671.9166666666
2023-07-16,591945.5
2023-07-17,729755.3333333333
2023-07-18,777678.6666666666
2023-07-19,786157.3333333333
2023-07-20,766926.5833333333
2023-07-21,724966.25
2023-07-22,630983.8333333333
2023-07-23,596657.8333333333
2023-07-24,696424.0
2023-07-25,666848.6666666666
2023-07-26,683634.3333333333
2023-07-27,697147.0
2023-07-28,687611.25
2023-07-29,629416.9166666666
2023-07-30,595498.8333333333
2023-07-31,681114.6666666666
2023-08-01,697580.0833333333
2023-08-02,712511.1666666666
2023-08-03,686534.8333333333
2023-08-04,638570.8333333333
2023-08-05,567943.25
2023-08-06,548240.75
2023-08-07,630226.0
2023-08-08,663590.3333333333
2023-08-09,682935.8333333333
2023-08-10,694321.6666666666
2023-08-11,685013.0833333333
2023-08-12,626437.1666666666
2023-08-13,582873.0833333333
2023-08-14,625285.1666666666
2023-08-15,581620.9166666666
2023-08-16,644415.3333333333
2023-08-17,653040.0
2023-08-18,652344.8333333333
2023-08-19,614645.3333333333
2023-08-20,600718.5833333333
2023-08-21,712282.3333333333
2023-08-22,733664.0833333333
2023-08-23,747821.5833333333
2023-08-24,751480.5833333333
2023-08-25,741653.4166666666
2023-08-26,652092.6666666666
2023-08-27,539694.8333333333
2023-08-28,616515.9166666666
2023-08-29,637519.9166666666
2023-08-30,645676.3333333333
2023-08-31,649546.25
2023-09-01,658353.0
2023-09-02,573242.9166666666
2023-09-03,525169.9166666666
2023-09-04,632912.25
2023-09-05,653697.8333333333
2023-09-06,665617.4166666666
2023-09-07,672089.0833333333
2023-09-08,650466.4166666666
2023-09-09,579437.0833333333
2023-09-10,538459.1666666666
2023-09-11,622575.75
2023-09-12,656896.0833333333
2023-09-13,656443.1666666666
2023-09-14,664691.9166666666
2023-09-15,656075.0833333333
2023-09-16,563248.5
2023-09-17,525749.1666666666
2023-09-18,615150.8333333333
2023-09-19,633850.5
2023-09-20,626668.3333333333
2023-09-21,624384.5
2023-09-22,606250.5
2023-09-23,528837.0833333333
2023-09-24,496425.0833333333
2023-09-25,596609.8333333333
2023-09-26,626704.9166666666
2023-09-27,636475.0
2023-09-28,641105.6666666666
2023-09-29,638190.0833333333
2023-09-30,565467.1666666666
2023-10-01,525388.1666666666
2023-10-02,629471.6666666666
2023-10-03,645210.25
2023-10-04,647659.5
2023-10-05,646699.4166666666
2023-10-06,650049.4166666666
2023-10-07,569858.6666666666
2023-10-08,526742.3333333333
2023-10-09,612070.0
2023-10-10,631455.5833333333
2023-10-11,625601.9166666666
2023-10-12,526975.6666666666
2023-10-13,562789.1666666666
2023-10-14,530067.0833333333
2023-10-15,496213.1666666666
2023-10-16,607729.3333333333
2023-10-17,634570.9166666666
2023-10-18,636217.0
2023-10-19,646114.8333333333
2023-10-20,615006.5833333333
2023-10-21,529776.0
2023-10-22,508350.3333333333
2023-10-23,610710.8333333333
2023-10-24,616530.75
2023-10-25,630950.9166666666
2023-10-26,644911.0833333333
2023-10-27,631412.4166666666
2023-10-28,556452.0
2023-10-29,522284.56305257947
2023-10-30,614507.8022055982
2023-10-31,633704.75
2023-11-01,550221.9166666666
2023-11-02,632371.3333333333
2023-11-03,639959.6666666666
2023-11-04,576714.1666666666
2023-11-05,525103.4166666666
2023-11-06,630585.25
2023-11-07,652454.5833333333
2023-11-08,667080.1666666666
2023-11-09,658186.25
2023-11-10,653467.6666666666
2023-11-11,580292.0
2023-11-12,528952.5
2023-11-13,629508.25
2023-11-14,639439.9166666666
2023-11-15,648145.9166666666
2023-11-16,652206.0
2023-11-17,639621.0
2023-11-18,565626.4166666666
2023-11-19,522636.8333333333
2023-11-20,630808.1666666666
2023-11-21,648674.5833333333
2023-11-22,659735.75
2023-11-23,669059.9166666666
2023-11-24,670664.5
2023-11-25,594615.4166666666
2023-11-26,562049.75
2023-11-27,677030.8333333333
2023-11-28,694147.25
2023-11-29,691409.8333333333
2023-11-30,683357.25
2023-12-01,677880.5833333333
2023-12-02,603498.25
2023-12-03,584164.3333333333
2023-12-04,699110.4166666666
2023-12-05,709335.1666666666
2023-12-06,633578.8333333333
2023-12-07,657191.5
2023-12-08,594064.75
2023-12-09,589408.1666666666
2023-12-10,562248.6666666666
2023-12-11,667783.3333333333
2023-12-12,687933.0
2023-12-13,693590.8333333333
2023-12-14,696767.6666666666
2023-12-15,697277.1666666666
2023-12-16,625377.5833333333
2023-12-17,600978.5833333333
2023-12-18,715268.0
2023-12-19,725926.0833333333
2023-12-20,730637.3333333333
2023-12-21,708719.5
2023-12-22,673397.0833333333
2023-12-23,596843.75
2023-12-24,555518.25
2023-12-25,516518.6666666666
2023-12-26,615537.25
2023-12-27,655201.5
2023-12-28,666369.75
2023-12-29,656083.1666666666
2023-12-30,587584.1666666666
2023-12-31,560793.5
